line_name,current_stop_id,current_stop_name,next_stop_id,next_stop_name,arrival_time_diff_mean,arrival_time_diff_std
57(四惠枢纽站-靛厂新村),1,四惠枢纽站,2.0,八王坟西,452.8333333333333,127.42435664607716
57(四惠枢纽站-靛厂新村),2,八王坟西,3.0,郎家园,79.66666666666667,13.764689123502452
57(四惠枢纽站-靛厂新村),5,大北窑南,6.0,双花园,178.5,94.53570753953238
57(四惠枢纽站-靛厂新村),6,双花园,7.0,双井桥北,80.0,33.481338085566414
57(四惠枢纽站-靛厂新村),7,双井桥北,8.0,垂杨柳,199.8,57.1419285638838
57(四惠枢纽站-靛厂新村),8,垂杨柳,9.0,马圈,163.0,38.691084244306204
57(四惠枢纽站-靛厂新村),9,马圈,10.0,广渠门内,277.0,78.1728853247723
57(四惠枢纽站-靛厂新村),10,广渠门内,11.0,安化楼,68.0,22.891046284519195
57(四惠枢纽站-靛厂新村),11,安化楼,12.0,培新街,103.0,28.513154858766505
57(四惠枢纽站-靛厂新村),12,培新街,13.0,榄杆市,234.33333333333334,64.53164598345012
57(四惠枢纽站-靛厂新村),13,榄杆市,14.0,磁器口西,147.0,59.39696961966999
57(四惠枢纽站-靛厂新村),14,磁器口西,15.0,水道子,94.5,57.27564927611035
57(四惠枢纽站-靛厂新村),15,水道子,16.0,桥湾,86.4,49.08462080937368
57(四惠枢纽站-靛厂新村),16,桥湾,17.0,东城三里河,47.4,9.813256340277675
57(四惠枢纽站-靛厂新村),17,东城三里河,18.0,过街楼,130.2,60.32163790879687
57(四惠枢纽站-靛厂新村),18,过街楼,19.0,珠市口西,71.8,14.166862743741113
57(四惠枢纽站-靛厂新村),19,珠市口西,20.0,虎坊桥路口东,111.5,28.759346306896475
57(四惠枢纽站-靛厂新村),20,虎坊桥路口东,21.0,虎坊桥路口西,132.0,72.06247289678588
57(四惠枢纽站-靛厂新村),21,虎坊桥路口西,22.0,菜市口西,210.33333333333334,25.579940057266224
57(四惠枢纽站-靛厂新村),22,菜市口西,23.0,牛街路口西,281.2,106.80449428745965
57(四惠枢纽站-靛厂新村),23,牛街路口西,24.0,广安门内,168.25,48.76730462102658
57(四惠枢纽站-靛厂新村),24,广安门内,25.0,达官营,183.66666666666666,16.25833119767626
57(四惠枢纽站-靛厂新村),25,达官营,26.0,湾子,78.5,7.7781745930520225
57(四惠枢纽站-靛厂新村),26,湾子,27.0,莲花池,260.0,45.254833995939045
57(四惠枢纽站-靛厂新村),27,莲花池,28.0,六里桥东,131.33333333333334,44.410959608336924
57(四惠枢纽站-靛厂新村),28,六里桥东,29.0,六里桥西,112.5,31.81980515339464
57(四惠枢纽站-靛厂新村),29,六里桥西,30.0,小井桥东,109.0,12.727922061357855
57(四惠枢纽站-靛厂新村),30,小井桥东,31.0,白塔村,69.0,8.48528137423857
57(四惠枢纽站-靛厂新村),31,白塔村,32.0,水衙沟路东口,165.0,38.18376618407357
57(四惠枢纽站-靛厂新村),32,水衙沟路东口,33.0,靛厂村南站,72.0,16.97056274847714
57(靛厂新村-四惠枢纽站),1,靛厂新村,2.0,岳各庄东路北口,105.5,37.489998666310996
57(靛厂新村-四惠枢纽站),2,岳各庄东路北口,3.0,靛厂村南站,118.66666666666667,35.00095236799517
57(靛厂新村-四惠枢纽站),3,靛厂村南站,4.0,水衙沟路东口,51.125,21.23634014742519
57(靛厂新村-四惠枢纽站),4,水衙沟路东口,5.0,白塔村,104.66666666666667,17.19738352191984
57(靛厂新村-四惠枢纽站),5,白塔村,6.0,小井路口东,176.11111111111111,71.90869982909655
57(靛厂新村-四惠枢纽站),6,小井路口东,7.0,六里桥西,170.77777777777777,48.191746642391415
57(靛厂新村-四惠枢纽站),7,六里桥西,8.0,六里桥东,387.1,184.71085512226944
57(靛厂新村-四惠枢纽站),8,六里桥东,9.0,莲花池,239.375,74.26004020621434
57(靛厂新村-四惠枢纽站),9,莲花池,10.0,湾子,241.5,85.77587073297478
57(靛厂新村-四惠枢纽站),10,湾子,11.0,达官营,111.14285714285714,27.113517977991297
57(靛厂新村-四惠枢纽站),11,达官营,12.0,广安门内,233.11111111111111,57.383456772062026
57(靛厂新村-四惠枢纽站),12,广安门内,13.0,牛街路口东,218.0,61.62070359149684
57(靛厂新村-四惠枢纽站),13,牛街路口东,14.0,菜市口西,147.28571428571428,25.869636550173936
57(靛厂新村-四惠枢纽站),14,菜市口西,15.0,虎坊桥路口西,150.33333333333334,26.7482086627622
57(靛厂新村-四惠枢纽站),15,虎坊桥路口西,16.0,虎坊桥路口东,191.7,117.15995713363655
57(靛厂新村-四惠枢纽站),16,虎坊桥路口东,17.0,板章路,174.33333333333334,116.4806850941391
57(靛厂新村-四惠枢纽站),17,板章路,18.0,过街楼,461.5,350.3973254953378
57(靛厂新村-四惠枢纽站),18,过街楼,19.0,东城三里河,66.25,12.325930854445495
57(靛厂新村-四惠枢纽站),19,东城三里河,20.0,桥湾,32.625,9.679691553527341
57(靛厂新村-四惠枢纽站),20,桥湾,21.0,水道子,97.75,68.97359743305509
57(靛厂新村-四惠枢纽站),21,水道子,22.0,磁器口西,40.0,16.174053295324583
57(靛厂新村-四惠枢纽站),22,磁器口西,23.0,榄杆市,99.8,49.781522676591564
57(靛厂新村-四惠枢纽站),23,榄杆市,24.0,培新街,157.28571428571428,57.93592519820003
57(靛厂新村-四惠枢纽站),24,培新街,25.0,安化楼,76.0,17.298843892006193
57(靛厂新村-四惠枢纽站),25,安化楼,26.0,广渠门内,62.77777777777778,18.46468100034345
57(靛厂新村-四惠枢纽站),26,广渠门内,27.0,马圈,187.875,44.098712323280246
57(靛厂新村-四惠枢纽站),27,马圈,28.0,垂杨柳,96.0,24.06241883103193
57(靛厂新村-四惠枢纽站),28,垂杨柳,29.0,双井桥北,367.125,96.35268177749018
57(靛厂新村-四惠枢纽站),29,双井桥北,30.0,双花园,168.28571428571428,109.35830144638356
57(靛厂新村-四惠枢纽站),30,双花园,31.0,大北窑南,511.1666666666667,224.16102842971316
57(靛厂新村-四惠枢纽站),31,大北窑南,32.0,大北窑东,196.0,75.0199973340442
57(靛厂新村-四惠枢纽站),32,大北窑东,33.0,郎家园,72.33333333333333,24.440403706431148
57(靛厂新村-四惠枢纽站),33,郎家园,34.0,四惠枢纽站,271.0,16.97056274847714
